id,titulo,imagen,imagenes,categoria_id,categoria_nombre,subcategoria_id,subcategoria_nombre,producto_descripcion,precio,disponible 
LUG-FANCY-20-CELESTE,MALETA FANCY CELESTE,https://ekiipa.com/wp-content/uploads/2024/11/MALETA-FANCY-19-600x600.jpg,,MALETAS,MALETAS,MALETAS_ADULTOS,MALETAS ADULTOS,"20 Pulgadas
Color: Celeste
4 ruedas
Entrada para USB y USB C
Portavasos
Porta celular
Compuerta externa para laptop
Material: ABS (polímero termoplástico)
Peso de maleta: 8 libras",599,1
LUG-FANCY-20-PINK,MALETA FANCY PINK,https://ekiipa.com/wp-content/uploads/2024/11/MALETA-FANCY-20-600x600.jpg,,MALETAS,MALETAS,MALETAS_ADULTOS,MALETAS ADULTOS,"20 Pulgadas
Color: Celeste
4 ruedas
Entrada para USB y USB C
Portavasos
Porta celular
Compuerta externa para laptop
Material: ABS (polímero termoplástico)
Peso de maleta: 8 libras",599,1
KIDS-LUG-CONEJO-ROSA,MALETA CON RUEDAS CONEJO,https://ekiipa.com/wp-content/uploads/2024/10/KIDS-MALETA-PARA-NINOS-CONEJO-600x600.webp,,MALETAS,MALETAS,MALETAS_NIÑOS,MALETAS_NIÑOS,"4 ruedas
Medidas: 34x25x46 cm
Material: ABS (termoplástico)
Peso de maleta: 3.90 libras",199,1
KIDS-LUG-GATO,MALETA CON RUEDAS GATO,https://ekiipa.com/wp-content/uploads/2025/04/KIDS-MALETA-PARA-NINOS-GATO-600x600.jpg,,MALETAS,MALETAS,MALETAS_NIÑOS,MALETAS_NIÑOS,"4 ruedas
Medidas: 34x25x46 cm
Material: ABS (termoplástico)
Peso de maleta: 3.90 libras",199,1
KIDS-LUG-DINO-VERDE,MALETA CON RUEDAS DINO VERDE,https://ekiipa.com/wp-content/uploads/2024/10/KIDS-MALETA-PARA-NINOS-DINO-600x600.webp,,MALETAS,MALETAS,MALETAS_NIÑOS,MALETAS_NIÑOS,"4 ruedas
Medidas: 34x25x46 cm
Material: ABS (termoplástico)
Peso de maleta: 3.90 libras",199,1
KIDS-LUG-ICE,MALETA CON RUEDITAS ICE,https://ekiipa.com/wp-content/uploads/2024/04/H9994c1ddb476443a806e4377942e8cc4j-600x600.webp,,MALETAS,MALETAS,MALETAS_NIÑOS,MALETAS_NIÑOS,"4 ruedas
Medidas: 47 x 23.5 x 31 cm.",399,1
KIDS-LUG-REX,MALETA CON RUEDITAS REX,https://ekiipa.com/wp-content/uploads/2024/04/H35e1f23f030042e6be80e6ee85163234V-600x600.webp,,MALETAS,MALETAS,MALETAS_NIÑOS,MALETAS_NIÑOS,"4 ruedas
Medidas: 45 x 30 x 21 cm.",399,1
KIDS-LUG-BUNNY-WHT-20,MALETA BLANCA LUG BUNNY,https://ekiipa.com/wp-content/uploads/2024/04/Diseno-sin-titulo-2024-04-10T211556.771-600x600.webp,,MALETAS,MALETAS,MALETAS_NIÑOS,MALETAS_NIÑOS,"4 Ruedas
Material PVC
20 Pulgadas
Color blanco
Cerradura de combinación
Soporta peso de niños de hasta 10 años aproximadamente",499,1
KIDS-LUG-BUNNY-WHT-20,MALETA RIGIDA CARRY ON WALY GRIS 20,https://ekiipa.com/wp-content/uploads/2024/04/Diseno-sin-titulo-94-600x600.jpg,,MALETAS,MALETAS,MALETAS_ADULTOS,MALETAS ADULTOS,"20 pulgadas
Color gris
4 rodos
Material: ABS (polímero termoplástico)
Peso de maleta: 3.52 libras
Capacidad estimada: 20 libras",349,1
LUG-WALY-GREY-24,MALETA RIGIDA MEDIANA WALY GRIS 24,https://ekiipa.com/wp-content/uploads/2024/04/Diseno-sin-titulo-2024-04-25T175931.123.webp,,MALETAS,MALETAS,MALETAS_ADULTOS,MALETAS ADULTOS,"24 pulgadas
Color gris
4 rodos
Material: ABS (polímero termoplástico)
Peso de maleta: 5.60 libras
Capacidad estimada: 25 libras",399,1
LUG-WALY-GREY-28,MALETA RIGIDA GRANDE WALY GRIS 28,https://ekiipa.com/wp-content/uploads/2024/04/Diseno-sin-titulo-96-1-600x600.webp,,MALETAS,MALETAS,MALETAS_ADULTOS,MALETAS ADULTOS,"28 pulgadas
Color gris
4 rodos
Material: ABS (polímero termoplástico)
Peso de maleta: 7.28 libras
Capacidad estimada: 38 libras",449,1
LUG-WALY-BLACK-20,MALETA RIGIDA CARRY ON WALY NEGRO 20,https://ekiipa.com/wp-content/uploads/2024/04/Diseno-sin-titulo-100-1-600x600.jpg,,MALETAS,MALETAS,MALETAS_ADULTOS,MALETAS ADULTOS,"20 pulgadas
Color negro
4 rodos
Material: ABS (polímero termoplástico)
Peso de maleta: 3.52 libras
Capacidad estimada: 20 libras",349,1
LUG-WALY-BLACK-24,MALETA RIGIDA MEDIANA WALY NEGRO 24,https://ekiipa.com/wp-content/uploads/2024/04/Diseno-sin-titulo-99-1-600x600.jpg,,MALETAS,MALETAS,MALETAS_ADULTOS,MALETAS ADULTOS,"24 pulgadas
Color negro
4 rodos
Material: ABS (polímero termoplástico)
Peso de maleta: 5.60 libras
Capacidad estimada: 25 libras",399,1
LUG-WALY-BLACK-28,MALETA RIGIDA GRANDE WALY NEGRO 28,https://ekiipa.com/wp-content/uploads/2024/04/H70a54e8a2ac44f2c8ce0dfcdc78316d08-600x600.webp,,MALETAS,MALETAS,MALETAS_ADULTOS,MALETAS ADULTOS,"28 pulgadas
Color negro
4 rodos
Material: ABS (polímero termoplástico)
Peso de maleta: 7.28 libras
Capacidad estimada: 38 libras",449,1
 LUG-IVY-WHT-20,MALETA CARRY ON IVY BLANCO 20,https://ekiipa.com/wp-content/uploads/2024/04/HERNANDEZ-DIAZESTER-ALEJANDRA-5-600x600.jpg,,MALETAS,MALETAS,MALETAS_ADULTOS,MALETAS ADULTOS,"20 pulgadas
Color blanco
4 rodos
Porta vasos
Cargador USB
Material: ABS (polímero termoplástico)
Peso de maleta: 5.66 libras
Capacidad estimada: 20 libras",399,1
 LUG-IVY-WHT-24,MALETA CARRY ON IVY BLANCO 24,https://ekiipa.com/wp-content/uploads/2024/04/HERNANDEZ-DIAZESTER-ALEJANDRA-5-600x600.jpg,,MALETAS,MALETAS,MALETAS_ADULTOS,MALETAS ADULTOS,"24 pulgadas
Color blanco
4 rodos
Porta vasos
Cargador USB
Material: ABS (polímero termoplástico)
Peso de maleta: 6.56 libras
Capacidad estimada: 30 libras",449,1
 LUG-IVY-WHT-26,MALETA CARRY ON IVY BLANCO 26,https://ekiipa.com/wp-content/uploads/2024/04/HERNANDEZ-DIAZESTER-ALEJANDRA-5-600x600.jpg,,MALETAS,MALETAS,MALETAS_ADULTOS,MALETAS ADULTOS,"26 pulgadas
Color blanco
4 rodos
Porta vasos
Cargador USB
Material: ABS (polímero termoplástico)
Peso de maleta: 7.60 libras
Capacidad estimada: 40 libras",499,1
LUG-IVY-BLACK-20,MALETA CARRY ON IVY NEGRO 20,https://ekiipa.com/wp-content/uploads/2024/04/HERNANDEZ-DIAZESTER-ALEJANDRA-9-600x600.jpg,,MALETAS,MALETAS,MALETAS_ADULTOS,MALETAS ADULTOS,"20 pulgadas
Color blanco
4 rodos
Porta vasos
Cargador USB
Material: ABS (polímero termoplástico)
Peso de maleta: 5.66 libras
Capacidad estimada: 20 libras",399,1
LUG-IVY-BLACK-24,MALETA CARRY ON IVY NEGRO 24,https://ekiipa.com/wp-content/uploads/2024/04/HERNANDEZ-DIAZESTER-ALEJANDRA-9-600x600.jpg,,MALETAS,MALETAS,MALETAS_ADULTOS,MALETAS ADULTOS,"24 pulgadas
Color blanco
4 rodos
Porta vasos
Cargador USB
Material: ABS (polímero termoplástico)
Peso de maleta: 6.56 libras
Capacidad estimada: 30 libras",449,1
LUG-IVY-BLACK-26,MALETA CARRY ON IVY NEGRO 26,https://ekiipa.com/wp-content/uploads/2024/04/HERNANDEZ-DIAZESTER-ALEJANDRA-9-600x600.jpg,,MALETAS,MALETAS,MALETAS_ADULTOS,MALETAS ADULTOS,"26 pulgadas
Color blanco
4 rodos
Porta vasos
Cargador USB
Material: ABS (polímero termoplástico)
Peso de maleta: 7.60 libras
Capacidad estimada: 40 libras",499,1
LUG-FAB-BLUE-20,MALETA CARRY ON DE TELA 20 AZUL,https://ekiipa.com/wp-content/uploads/2024/04/maleta-carry-on-de-tela-24-pulgadas-600x600.webp,,MALETAS,MALETAS,MALETAS_ADULTOS,MALETAS ADULTOS,"20 pulgadas
Color azul
4 rodos
Tela de alta resistencia
Peso de maleta: 6.54 libras
Capacidad estimada: 25 libras",349,1
LUG-FAB-BLUE-24,MALETA CARRY ON DE TELA 24 AZUL,https://ekiipa.com/wp-content/uploads/2024/04/maleta-carry-on-de-tela-24-pulgadas-600x600.webp,,MALETAS,MALETAS,MALETAS_ADULTOS,MALETAS ADULTOS,"24 pulgadas
Color azul
4 rodos
Tela de alta resistencia
Peso de maleta: 8.22  libras
Capacidad estimada: 35 libras",399,1
LUG-FAB-BLUE-28,MALETA CARRY ON DE TELA 28 AZUL,https://ekiipa.com/wp-content/uploads/2024/04/maleta-carry-on-de-tela-24-pulgadas-600x600.webp,,MALETAS,MALETAS,MALETAS_ADULTOS,MALETAS ADULTOS,"28 pulgadas
Color azul
4 rodos
Tela de alta resistencia
Peso de maleta: 9.78 libras
Capacidad estimada: 50 libras",449,1
 LUG-FAB-BLACK-20,MALETA CARRY ON DE TELA 20 NEGRO,https://ekiipa.com/wp-content/uploads/2024/04/FAB6-600x600.webp,,MALETAS,MALETAS,MALETAS_ADULTOS,MALETAS ADULTOS,"20 pulgadas
Color azul
4 rodos
Tela de alta resistencia
Peso de maleta: 6.54 libras
Capacidad estimada: 25 libras",349,1
 LUG-FAB-BLACK-24,MALETA CARRY ON DE TELA 24 NEGRO,https://ekiipa.com/wp-content/uploads/2024/04/FAB6-600x600.webp,,MALETAS,MALETAS,MALETAS_ADULTOS,MALETAS ADULTOS,"24 pulgadas
Color azul
4 rodos
Tela de alta resistencia
Peso de maleta: 8.22  libras
Capacidad estimada: 35 libras",399,1
 LUG-FAB-BLACK-28,MALETA CARRY ON DE TELA 28 NEGRO,https://ekiipa.com/wp-content/uploads/2024/04/FAB6.webp,,MALETAS,MALETAS,MALETAS_ADULTOS,MALETAS ADULTOS,"28 pulgadas
Color azul
4 rodos
Tela de alta resistencia
Peso de maleta: 9.78 libras
Capacidad estimada: 50 libras",449,1
LUG-SLIM-20,MALETA SLIM CARRY ON 20,https://ekiipa.com/wp-content/uploads/2024/04/Diseno-sin-titulo-2024-04-30T143839.481-600x600.webp,,MALETAS,MALETAS,MALETAS_ADULTOS,MALETAS ADULTOS,"Plegable
Expandible
Color gris
Ideal para guardar en espacios reducidos
2 ruedas
20 pulgadas",599,1
LUG-SLIM-24,MALETA SLIM CARRY ON 24,https://ekiipa.com/wp-content/uploads/2024/04/Diseno-sin-titulo-2024-04-30T144118.260-600x600.webp,,MALETAS,MALETAS,MALETAS_ADULTOS,MALETAS ADULTOS,"Plegable
Expandible
Color gris
Ideal para guardar en espacios reducidos
2 ruedas
24 pulgadas
Peso de la maleta: 5.94 libras
Capacidad estimada:30 libras",649,1
LUG-SLIM-28,MALETA SLIM CARRY ON 28,https://ekiipa.com/wp-content/uploads/2024/04/Diseno-sin-titulo-2024-04-30T145334.772-600x600.webp,,MALETAS,MALETAS,MALETAS_ADULTOS,MALETAS ADULTOS,"Plegable
Expandible
Color gris
Ideal para guardar en espacios reducidos
2 ruedas
28 pulgadas",699,1
TOKIO-COSM-TRIPLE-MINT,COSMETIQUERA TOKIO TRIPLE MINT,https://ekiipa.com/wp-content/uploads/2024/09/TOKIO-COSMETIQUERA-TRIPLE-2-600x600.webp,,ORGANIZADORES,ORGANIZADORES,COSMETIQUERA ,COSMETIQUERA ,"Almacenamiento de artículos personales
Material: Polyester
Con agarrador y colgador
Color: Menta
Medidas cerrado: 22.5 x 8 x 14.5 cm",99,1
TOKIO-COSM-TRIPLE-PINK,COSMETIQUERA TOKIO TRIPLE PINK,https://ekiipa.com/wp-content/uploads/2024/09/TOKIO-COSMETIQUERA-TRIPLE-1-600x600.webp,,ORGANIZADORES,ORGANIZADORES,COSMETIQUERA ,COSMETIQUERA ,"Almacenamiento de artículos personales
Material: Polyester
Con agarrador y colgador
Color: Rosa
Medidas cerrado: 22.5 x 8 x 14.5 cm",99,1
TOKIO-COSM-TRIPLE-GRIS,COSMETIQUERA TOKIO TRIPLE GRIS,https://ekiipa.com/wp-content/uploads/2024/09/TOKIO-COSMETIQUERA-TRIPLE-600x600.webp,,ORGANIZADORES,ORGANIZADORES,COSMETIQUERA ,COSMETIQUERA ,"Almacenamiento de artículos personales
Material: Polyester
Con agarrador y colgador
Color: Gris
Medidas cerrado: 22.5 x 8 x 14.5 cm",99,1
TOKIO-ORG-CARTERA-MINT,ORGANIZADOR DE CARTERA TOKIO MINT,https://ekiipa.com/wp-content/uploads/2024/09/TOKIO-ORGANIZADOR-CARTERA-1-600x600.webp,,ORGANIZADORES,ORGANIZADORES,TOKIO,TOKIO,"Varios compartimientos
Organizador de cartera
Color: Verde menta
Medidas: 27.5 x 9.5 x 15.5cm",59,1
TOKIO-ORG-CARTERA-PINK,ORGANIZADOR DE CARTERA TOKIO PINK,https://ekiipa.com/wp-content/uploads/2024/09/TOKIO-ORGANIZADOR-CARTERA-2-600x600.webp,,ORGANIZADORES,ORGANIZADORES,TOKIO,TOKIO,"Varios compartimientos
Organizador de cartera
Color: Rosa
Medidas: 27.5 x 9.5 x 15.5cm",59,1
TOKIO-ORG-CARTERA-GRIS,ORGANIZADOR DE CARTERA TOKIO GRIS,https://ekiipa.com/wp-content/uploads/2024/09/TOKIO-ORGANIZADOR-CARTERA-600x600.webp,,ORGANIZADORES,ORGANIZADORES,TOKIO,TOKIO,"Varios compartimientos
Organizador de cartera
Color: Gris
Medidas: 27.5 x 9.5 x 15.5cm",59,1
ORG-COSM-GREY,ORGANIZADOR DE COSMETICOS,https://ekiipa.com/wp-content/uploads/2024/04/organizador-de-cosmeticos-para-viaje-600x600.webp,,ORGANIZADORES,ORGANIZADORES,COSMETIQUERA ,COSMETIQUERA ,"Almacenamiento de artículos personales
Material: Poliéster 300D oxford
Con agarrador y colgador
Color gris
Medidas cerrado: 23 x 15 x 7 cm.
Medidas abierto: 52 x 15 x 7 cm.",99,1
PER-ORG-LENTES-3,ORGANIZADOR DE LENTES 3 DIVISIONES,https://ekiipa.com/wp-content/uploads/2024/04/51NgCNTT2CL._AC_SL1000_-600x594.jpg,,ORGANIZADORES,ORGANIZADORES,LENTES,LENTES,"3 compartimientos
Plegable
Organizador de lentes
Color: Negro con gris
Medidas: 16 x 12.8 x 5.8 cm.",99,1
ORG-CABLE-L-GREY,ORGANIZADOR DE CABLES GRANDE,https://ekiipa.com/wp-content/uploads/2024/10/ORGANIZADOR-DE-CABLES-GRANDE-600x600.webp,,ORGANIZADORES,ORGANIZADORES,CABLES,CABLES,"Almacenamiento de dispositivos
Multifuncional
Material: Oxford
Impermeable
Espacios modulables
Color gris
Con agarrador
Medidas: 24.5 x 10 x 18 cm.",125,1
ORG-CABLE-S-GREY,ORGANIZADOR DE CABLES PEQUEÑO,https://ekiipa.com/wp-content/uploads/2024/04/organizador-de-cables-600x600.webp,,ORGANIZADORES,ORGANIZADORES,CABLES,CABLES,"Almacenamiento de dispositivos
Multifuncional
Material: Oxford
Impermeable
Color gris
Con agarrador
Medidas: 25 x 2 cm x 19 cm",79,1
BACK-BERLIN-BLACK,MOCHILA BERLIN BLACK,https://ekiipa.com/wp-content/uploads/2025/06/BACK-BERLIN-BLACK-600x600.jpg,,MOCHILAS,MOCHILAS,BERLIN,BERLIN,"Medidas: 14×8.5×18.5 pulgadas
Color: Negro
Multifuncional: Mochila para laptop, viajes.
Incluye 2 bolsos tipo cosmetiquera, 1 bolso para zapatos",399,1
BACK-BERLIN-GREEN,MOCHILA BERLIN GREEN,https://ekiipa.com/wp-content/uploads/2025/06/BACK-BERLIN-LIGHT-GREEN-600x600.jpg,,MOCHILAS,MOCHILAS,BERLIN,BERLIN,"Medidas: 14×8.5×18.5 pulgadas
Color: Verde olivo
Multifuncional: Mochila para laptop, viajes.
Incluye 2 bolsos tipo cosmetiquera, 1 bolso para zapatos",399,1
BACK-BERLIN-NUDE,MOCHILA BERLIN NUDE (LIGHT PINK),https://ekiipa.com/wp-content/uploads/2025/06/BACK-BERLIN-LIGHT-PINK-600x600.jpg,,MOCHILAS,MOCHILAS,BERLIN,BERLIN,"Medidas: 14×8.5×18.5 pulgadas
Color: Light Pink
Multifuncional: Mochila para laptop, viajes.
Incluye 2 bolsos tipo cosmetiquera, 1 bolso para zapatos",399,1
BACK-BERLIN-WHITE,MOCHILA BERLIN WHITE,https://ekiipa.com/wp-content/uploads/2025/06/BACK-BERLIN-WHITE-600x600.jpg,,MOCHILAS,MOCHILAS,BERLIN,BERLIN,"Medidas: 14×8.5×18.5 pulgadas
Color: Blanco
Multifuncional: Mochila para laptop, viajes.
Incluye 2 bolsos tipo cosmetiquera, 1 bolso para zapatos",399,1
BACK-QUITO-GREEN,MOCHILA QUITO GREEN,https://ekiipa.com/wp-content/uploads/2025/01/MOCHILA-QUITO-600x600.jpg,,MOCHILAS,MOCHILAS,QUITO,QUITO,"Color: Aqua
Material: Nylon
Repele el Agua
Ligera y Compacta",175,1
BACK-QUITO-PURPLE,MOCHILA QUITO PURPLE,https://ekiipa.com/wp-content/uploads/2025/01/MOCHILA-QUITO-1-600x600.jpg,,MOCHILAS,MOCHILAS,QUITO,QUITO,"Color: Morado
Material: Nylon
Repele el Agua
Ligera y Compacta",175,1
BACK-PANDA,MOCHILA PANDA,https://ekiipa.com/wp-content/uploads/2024/11/MOCHILA-PANDA-9-600x600.webp,,MOCHILAS,MOCHILAS,MOCHILAS_PARA_NIÑOS,MOCHILAS PARA NIÑOS,"Repelente al agua
Medidas:35x13x34 cms.",175,1
KIDS-BAG-PONY-PINK,MOCHILA PONY,https://ekiipa.com/wp-content/uploads/2024/04/H5e25a641d1594ac49895f8cd8321042eS-600x600.webp,,MOCHILAS,MOCHILAS,MOCHILAS_PARA_NIÑOS,MOCHILAS PARA NIÑOS,"Uso mochila con o sin carrito
Ruedas extraíbles
Color rosado
Medidas:30 x 15 x 40cm",225,1
KIDS-BAG-DINO-BLUE,MOCHILA DINO,https://ekiipa.com/wp-content/uploads/2024/04/H22c825f3cdf7494c8a0151d867044a5eB-600x600.webp,,MOCHILAS,MOCHILAS,MOCHILAS_PARA_NIÑOS,MOCHILAS PARA NIÑOS,"Uso mochila con o sin carrito
Ruedas extraíbles
Color azul
Medidas:30 x 15 x 40cm",225,1
BACK-MILAN-KIT-BLUE,MOCHILA AZUL MILAN,https://ekiipa.com/wp-content/uploads/2024/11/MOCHILA-AZUL-MILAN-600x600.jpg,,MOCHILAS,MOCHILAS,MOCHILAS_PARA_NIÑOS,MOCHILAS PARA NIÑOS,"Incluye: Mochila,
Lonchera pequeña
Estuche de lapiceros
Color: Azul
Material: Nylon",150,1
BACK-6608-MOTO-BLUE,MOCHILA MOTO BLUE,https://ekiipa.com/wp-content/uploads/2024/10/MOCHILA-MOTO-3-600x600.webp,,MOCHILAS,MOCHILAS,MOTO,MOTO,"Puerto USB externo para carga portátil
Material: Oxford + Poliéster
Color: Azul
Impermeable
Peso de mochila: 2.12 libras
Capacidad: 20-35 litros
Medidas: 34x18x51cm",150,1
BACK-6608-MOTO-GREY,MOCHILA MOTO GREY,https://ekiipa.com/wp-content/uploads/2024/10/MOCHILA-MOTO-2-1-600x600.webp,,MOCHILAS,MOCHILAS,MOTO,MOTO,"Puerto USB externo para carga portátil
Material: Oxford + Poliéster
Color: Gris
Impermeable
Peso de mochila: 2.12 libras
Capacidad: 20-35 litros
Medidas: 34x18x51cm",150,1
BACK-6608-MOTO-BLACK,MOCHILA MOTO NEGRO,https://ekiipa.com/wp-content/uploads/2024/10/MOCHILA-LAPTOP-10-600x600.webp,,MOCHILAS,MOCHILAS,MOTO,MOTO,"Puerto USB externo para carga portátil
Material: Oxford + Poliéster
Color: Negro
Impermeable
Peso de mochila: 2.12 libras
Capacidad: 20-35 litros
Medidas: 34x18x51cm",150,1
BACK-1801-TOKIO-BLUE,MOCHILA TOKIO BLUE 1 ZIPPER,https://ekiipa.com/wp-content/uploads/2024/10/MOCHILA-FOLIO-1-ZIPPER-600x600.webp,,MOCHILAS,MOCHILAS,TOKIO,TOKIO,"Puerto USB externo para carga portátil
Material: Oxford
Color: Azul
Repelente al agua
Peso de mochila: 0.90 libras
Medidas: 29x10x42cm
1 zipper frontal",125,1
BACK-1801-TOKIO-BLACK,MOCHILA TOKIO BLACK 1 ZIPPER,https://ekiipa.com/wp-content/uploads/2024/10/MOCHILA-FOLIO-1-ZIPPER-1-600x600.webp,,MOCHILAS,MOCHILAS,TOKIO,TOKIO,"Puerto USB externo para carga portátil
Material: Oxford
Color: Negro
Repelente al agua
Peso de mochila: 0.90 libras
Medidas: 29x10x42cm
1 zipper frontal",125,1
BACK-1917-PANTS-GREY,MOCHILA PANTS GRIS,https://ekiipa.com/wp-content/uploads/2024/10/MOCHILA-PANTS-4-600x600.webp,,MOCHILAS,MOCHILAS,PANTS,PANTS,"Puerto USB externo para carga portátil
Material: Poliéster
Color: Gris
Repelente al agua
Peso de mochila: 0.90 libras
Medidas: 28x14x45cm",125,1
BACK-1701-FOLIO-RED,MOCHILA FOLIO RED 2 ZIPPER,https://ekiipa.com/wp-content/uploads/2024/10/MOCHILA-FOLIO-2-ZIPPER-11-600x600.webp,,MOCHILAS,MOCHILAS,FOLIO,FOLIO,"Puerto USB externo para carga portátil
Material: Oxford
Color: Corinto
Repelente al agua
Peso de mochila: 0.90 libras
Medidas: 29x10x42cm
2 Zipper frontal",125,1
BACK-1701-FOLIO-GREY,MOCHILA FOLIO GREY 2 ZIPPER,https://ekiipa.com/wp-content/uploads/2024/10/MOCHILA-FOLIO-2-ZIPPER-8-600x600.webp,,MOCHILAS,MOCHILAS,FOLIO,FOLIO,"Puerto USB externo para carga portátil
Material: Oxford
Color: Gris
Repelente al agua
Peso de mochila: 0.90 libras
Medidas: 29x10x42cm
2 Zipper frontal",125,1
BACK-TACTICAL-BLK-USA,MOCHILA TACTICA EEUU,https://ekiipa.com/wp-content/uploads/2024/04/IMG_0095_600x.jpg.webp,,MOCHILAS,MOCHILAS,TACTICA,TACTICA,"Color negro
Impermeable
Varios compartimientos internos
Medidas: 48 x 28 x 28cm",199,1
BAG-DUFFLE-BAG-BLK,MOCHILA DEPORTIVA BLACK,https://ekiipa.com/wp-content/uploads/2024/04/DUFFLE-600x600.jpg,,MOCHILAS,MOCHILAS,DEPORTIVA,DEPORTIVA,"Bolso/mochila táctica
Color negro
Compartimiento para zapatos
Medidas:50 x 28 x 28cm",175,1
SILLA-ECO-1-BLK,SILLA DE ESPERA ECO 1 BLACK,https://ekiipa.com/wp-content/uploads/2025/08/SILLA-DE-ESPERA-6-600x600.jpg,,OFICINA,OFICINA,OFICINA,OFICINA,"Uso: Silla para conferencias, visitas, recepciones
Función especial: Apilable (permite almacenamiento eficiente)
Material del asiento y respaldo: Tela
Estructura: Marco metálico
Material del marco: Hierro
Color: Negro
Acabado del marco: Pintura electrostática
Peso máximo: Aproximadamente 220 libras",275,1
SILLA-ECO-107-BLK-PLAN,SILLA EJECUTIVA 107 BLACK,https://ekiipa.com/wp-content/uploads/2025/08/SILLA-EJECUTIVA-NEGRA-2.jpg,,OFICINA,OFICINA,OFICINA,OFICINA,"Modelo: Silla Mesh
Estilo/Diseño: Giratoria, moderno
Uso: Oficina en casa / edificio corporativo
Características:
Respaldo de malla transpirable, asiento acolchado con tela resistente, apoyabrazos fijos, base plástica negra de 300 mm, pistón de gas clase 3 (100 mm),

ajuste de altura con palanca lateral, movimiento giratorio con ruedas

Color: Negro con base negra
Peso máximo: Aproximado 220 libras
No reclinable",375,1
SILLA-ECO-107-BLK-CRO,SILLA EJECUTIVA 107 CROMADA,https://ekiipa.com/wp-content/uploads/2025/08/SILLA-EJECUTIVA-NEGRA-2-600x601.jpg,,OFICINA,OFICINA,OFICINA,OFICINA,"Modelo: Silla Mesh
Estilo/Diseño: Giratoria, moderno
Uso: Oficina en casa / edificio corporativo
Características:
Respaldo de malla transpirable, asiento acolchado con tela resistente, apoyabrazos fijos, base plástica negra de 300 mm, pistón de gas clase 3 (100 mm),

ajuste de altura con palanca lateral, movimiento giratorio con ruedas

Color: Negro con base cromada
Peso máximo: Aproximado 220 libras
No reclinable",375,1
SILLA-ECO-6-BLK,SILLA EMPRESARIAL ECO 6 BLACK,https://ekiipa.com/wp-content/uploads/2025/08/SILLA-EMPRESARIAL-3-600x601.jpg,,OFICINA,OFICINA,OFICINA,OFICINA,"Tipo: Silla giratoria ECO 6
Material del respaldo: Malla (Mesh)
Material del asiento: Esponja
Material del marco: Plástico
Material de la base: Metal cromado (300mm)
Apoyabrazos: Fijos, material plástico
Ajuste de altura: S, mediante pistón
Dimensiones: Ancho 49 cm x Fondo 49 cm
Función de inclinación: Si
Movimiento: Ruedas giratorias de nylon
Estilo de diseño: Moderno
Colores disponibles: Negro
Uso recomendado: Oficina, hogar, escritorio de computadora
Peso máximo: Aproximadamente 250 libras",399,1
SILLA-ECO-979-BLK,SILLA GERENCIAL ECO 979,https://ekiipa.com/wp-content/uploads/2025/08/SILLA-GERENCIAL-1-600x600.jpg,,OFICINA,OFICINA,OFICINA,OFICINA,"Tipo: Silla ejecutiva / ergonómica de oficina
Respaldo: Alto, malla transpirable
Asiento: Tapizado en malla de alta densidad
Material del asiento y respaldo: Malla
Material del marco: Plástico de alta resistencia
Material de la base: Plástico
Apoyabrazos: Plástico fijo
Movimiento: Giratorio 360°
Ajuste de altura: Sí (Gas Lift)
Tipo de elevación: Pistón neumático
Peso Máximo: 240 libras aproximadamente",424,1
SILLA-ECO-248-BLK,SILLA OPERATIVA ECO 248 BLACK,https://ekiipa.com/wp-content/uploads/2025/08/SILLA-OPERATIVA-4.jpg,,OFICINA,OFICINA,OFICINA,OFICINA,"Tipo: Silla ejecutiva / oficina para niños o uso ligero
Movimiento: Giratorio 360°
Diseño: Moderno
Respaldo: Malla
Asiento: Tapizado en malla
Material del asiento y respaldo: Malla
Material del marco: Plástico
Material de la base: Nylon (PP/Nylon base)
Apoyabrazos: No incluye
Cabecero: No incluye
Ajuste de altura: Sí (Manual – Gas lift clase 3)
Ruedas: Nylon (apto para suelos duros y alfombra)
Estructura: Hierro + plástico de alta resistencia
Aplicación: Oficina, estudio, habitación infantil
Peso Máximo: 200 libras aproximadamente",324,1
SILLA-PRO-1051M-BLACK,SILLA PROFESIONAL 1051M BLACK,https://ekiipa.com/wp-content/uploads/2025/08/SILLA-PRO-4-600x600.jpg,,OFICINA,OFICINA,OFICINA,OFICINA,"Tipo: Silla ejecutiva / ergonómica de oficina
Asiento: Tapizado en malla de alta densidad
Material del asiento y respaldo: Malla
Movimiento giratorio
Inclinable
Altura ajustable (Gas Lift Clase 1)
Apoyabrazos ajustables",699,1
ACC-ZIPTIRA-YELLOW,CUERDA PARA ZIPPER AMARILLO (2 x Q10),https://ekiipa.com/wp-content/uploads/2025/04/CUERDA-PARA-ZIPPER-8-600x600.jpg,,ACCESORIOS_DE_MALETAS,ACCESORIOS DE MALETAS,ACCESORIOS_DE_MALETAS,ACCESORIOS DE MALETAS,"Color: Amarillo
Material: Silicón
Decorativo
Facilita la apertura del zipper",10,1
ACC-ZIPTIRA-BLUE,CUERDA PARA ZIPPER AZUL (2 x Q10),https://ekiipa.com/wp-content/uploads/2025/04/CUERDA-ZIPPER-600x600.jpg,,ACCESORIOS_DE_MALETAS,ACCESORIOS DE MALETAS,ACCESORIOS_DE_MALETAS,ACCESORIOS DE MALETAS,"Color: Azul
Material: Silicón
Decorativo
Facilita la apertura del zipper",10,1
ACC-ZIPTIRA-WHITE,CUERDA PARA ZIPPER BLANCO (2 x Q10),https://ekiipa.com/wp-content/uploads/2025/04/CUERDA-PARA-ZIPPER-3-600x600.jpg,,ACCESORIOS_DE_MALETAS,ACCESORIOS DE MALETAS,ACCESORIOS_DE_MALETAS,ACCESORIOS DE MALETAS,"Color: Blanco
Material: Silicón
Decorativo
Facilita la apertura del zipper",10,1
ACC-ZIPTIRA-CELESTE,CUERDA PARA ZIPPER CELESTE (2 x Q10),https://ekiipa.com/wp-content/uploads/2025/04/CUERDA-PARA-ZIPPER-9-600x600.jpg,,ACCESORIOS_DE_MALETAS,ACCESORIOS DE MALETAS,ACCESORIOS_DE_MALETAS,ACCESORIOS DE MALETAS,"Color: Celeste
Material: Silicón
Decorativo
Facilita la apertura del zipper",10,1
ACC-ZIPTIRA-GREY,CUERDA PARA ZIPPER GRIS (2 x Q10),https://ekiipa.com/wp-content/uploads/2025/04/CUERDA-PARA-ZIPPER-600x600.jpg,,ACCESORIOS_DE_MALETAS,ACCESORIOS DE MALETAS,ACCESORIOS_DE_MALETAS,ACCESORIOS DE MALETAS,"Color: Gris plata
Material: Silicón
Decorativo
Facilita la apertura del zipper",10,1
ACC-ZIPTIRA-BLACK,CUERDA PARA ZIPPER NEGRO (2 x Q10),https://ekiipa.com/wp-content/uploads/2025/04/CUERDA-PARA-ZIPPER-6-600x600.jpg,,ACCESORIOS_DE_MALETAS,ACCESORIOS DE MALETAS,ACCESORIOS_DE_MALETAS,ACCESORIOS DE MALETAS,"Color: Negro
Material: Silicón
Decorativo
Facilita la apertura del zipper",10,1
ACC-ZIPTIRA-RED,CUERDA PARA ZIPPER ROJO (2 x Q10),https://ekiipa.com/wp-content/uploads/2025/04/CUERDA-PARA-ZIPPER-2-600x600.jpg,,ACCESORIOS_DE_MALETAS,ACCESORIOS DE MALETAS,ACCESORIOS_DE_MALETAS,ACCESORIOS DE MALETAS,"Color: Rojo
Material: Silicón
Decorativo
Facilita la apertura del zipper",10,1
ACC-ZIPTIRA-PINK,CUERDA PARA ZIPPER ROSADO (2 x Q10),https://ekiipa.com/wp-content/uploads/2025/04/CUERDA-PARA-ZIPPER-4-600x600.jpg,,ACCESORIOS_DE_MALETAS,ACCESORIOS DE MALETAS,ACCESORIOS_DE_MALETAS,ACCESORIOS DE MALETAS,"Color: Rosado
Material: Silicón
Decorativo
Facilita la apertura del zipper",10,1
ACC-ZIPTIRA-GREEN,CUERDA PARA ZIPPER VERDE OLIVO (2 x Q10),https://ekiipa.com/wp-content/uploads/2025/04/CUERDA-PARA-ZIPPER-5-600x600.jpg,,ACCESORIOS_DE_MALETAS,ACCESORIOS DE MALETAS,ACCESORIOS_DE_MALETAS,ACCESORIOS DE MALETAS,"Color: Verde Olivo
Material: Silicón
Decorativo
Facilita la apertura del zipper",10,1
ACC-TRIPOD-2.1M,TRIPODE,https://ekiipa.com/wp-content/uploads/2024/11/TRIPODE-CEL-CAMARA-6.webp,,ACCESORIOS,ACCESORIOS,ACCESORIOS,ACCESORIOS,"Material: Aluminio
Medida sin extender: 67 cms
Altura máxima: 2.10 metros
Color: Negro",79,1
ACC-CARGADOR-PARED-WHT,CARGADOR DE PARED USB A Y USB C,https://ekiipa.com/wp-content/uploads/2024/04/CARGADOR-PARED.avif,,ACCESORIOS,ACCESORIOS,ACCESORIOS,ACCESORIOS,"Medidas:4.5 x 4 cm
20 Watts
Entrada para USB A y USB C
Color blanco",79,1
ACC-MINI-PLANCHA-GREEN,MINI PLANCHA ELECTRICA,https://ekiipa.com/wp-content/uploads/2024/04/Hf846988a73b44061a788242d7999efc1q-600x600.webp,,ACCESORIOS,ACCESORIOS,ACCESORIOS,ACCESORIOS,"Portátil para viaje
Medidas:11.5cmX6.2 cm X8.4cm
Color verde",79,1
ACC-VENTILAD-CUELLO-WHT,VENTILADOR PARA CUELLO BLANCO,https://ekiipa.com/wp-content/uploads/2024/12/VENTILADOR-PARA-CUELLO-3.jpg,,ACCESORIOS,ACCESORIOS,ACCESORIOS,ACCESORIOS,"Color: Blanco
Puerto USB C",75,1
ACC-BASCULA-EQUIPAJE,BASCULA PARA EQUIPAJE,https://ekiipa.com/wp-content/uploads/2024/04/Diseno-sin-titulo-2024-04-14T210204.986.webp,,ACCESORIOS_DE_MALETAS,ACCESORIOS DE MALETAS,ACCESORIOS_DE_MALETAS,ACCESORIOS DE MALETAS,"Digital
Portátil
Medidas:13 x 4.4 x 3 cm
Capacidad peso máximo: 50kg",59,1
PET-MALETA-MESH-GREY,MALETA PARA MASCOTAS MESH,https://ekiipa.com/wp-content/uploads/2024/04/maleta-para-mascotas-mesh-600x600.webp,,MASCOTAS,MASCOTAS,MASCOTAS,MASCOTAS,"Transportador para mascotas
Material: Mesh
Con porta alimentos
Con agarrador y cincho para colgar
Con identificador
Color: Gris
Medidas: 48.5 x 30 x 32 cm.",249,1
PET-BUBBLEPACK-GREY,MOCHILA BUBBLE PACK GRIS,https://ekiipa.com/wp-content/uploads/2024/04/H639903cd9a5b415a9573e00651931ab3U-600x600.webp,,MASCOTAS,MASCOTAS,MASCOTAS,MASCOTAS,"Color: Gris con negro
Transportador de mascotas
Forro de poliéster
Cápsula de burbuja transparente
Medidas: 34 x 25 x 42 cm.",149,1
PET-BOTELLA-AGUA-WHT,BOTELLA DE AGUA Y COMIDA PARA MASCOTAS,https://ekiipa.com/wp-content/uploads/2024/04/Diseno-sin-titulo-2024-04-16T000404.352-600x600.webp,,MASCOTAS,MASCOTAS,MASCOTAS,MASCOTAS,"Botella de agua con bebedero
Contenedor para comida
Color: Blanco y transparente
Capacidad: 350 ml.
Medidas: 36 x 8 cm.",79,1
PET-BOTE-DOBLE-TRANS,BOTE DUAL TRANSPARENTE,https://ekiipa.com/wp-content/uploads/2024/04/H247f0037a9b74c67afaf82ed7abaaf3bh-600x600.webp,,MASCOTAS,MASCOTAS,MASCOTAS,MASCOTAS,"Contenedor de agua y comida
2 compartimientos
Portátil
Con seguros
Medidas: 23 x 11 cm.",49,1
PET-PLATO-PLEGABLE-BLK,PLATO PARA MASCOTAS PLEGABLE,https://ekiipa.com/wp-content/uploads/2024/04/H73b6f8bcce6a4183868a3453b6f3ac6c5-600x600.webp,,MASCOTAS,MASCOTAS,MASCOTAS,MASCOTAS,"Silicón
Plegable
Para comida y/o agua
Con gancho para colgar
Color negro
Medidas: 13 x 5 cm.",19,1
BOLSO-PICKNIC-YELLOW,CANASTA DE PINCNIC DE TELA,https://ekiipa.com/wp-content/uploads/2024/11/CANASTA-DE-PICNIC-DE-TELA-7-600x600.webp,,PICNIC,PICNIC,PICNIC,PICNIC,"Material: Película de aluminio en la parte interna                                                                                                                                                                                                                    Tela Oxford impermeable en el exterior
Color: Amarillo",199,1
BOLSO-PICKNIC-VERDE,CANASTA DE PICNIC VERDE PLEGABLE,https://ekiipa.com/wp-content/uploads/2024/11/CANASTA-DE-PICNIC-PLEGABLE-600x600.webp,,PICNIC,PICNIC,PICNIC,PICNIC,"Material: Plástico silicón
Color: Verde
Plegable",199,1
BOLSO-PICKNIC-BEIGE,CANASTA DE PICNIC BEIGE PLEGABLE,https://ekiipa.com/wp-content/uploads/2024/11/CANASTA-DE-PICNIC-PLEGABLE-1-600x600.webp,,PICNIC,PICNIC,PICNIC,PICNIC,"Material: Plástico silicón
Color: Beige
Plegable",199,1
SEC-PORTA-DOCS-GREY-S,PORTA DOCUMENTOS PEQUEÑO,https://ekiipa.com/wp-content/uploads/2024/04/Diseno-sin-titulo-2024-04-15T225511.349-600x600.webp,,SEGURIDAD,SEGURIDAD,SEGURIDAD,SEGURIDAD,"Organizador de documentos
Porta pasaportes
Tarjetero
Impermeable
Medidas: 21.5×12.5×2 cm
Color gris",69,1
SEC-PORTA-TARJETAS-BLK,PORTA TARJETAS DE ALUMINIO NEGRO,https://ekiipa.com/wp-content/uploads/2025/01/PORTA-TARJETAS-DE-ALUMINIO-7-600x600.jpg,,SEGURIDAD,SEGURIDAD,SEGURIDAD,SEGURIDAD,"Material: Aluminio
Medidas: 6.8×9.7cms
Billetera pop up
Con protección RFD",65,1
SEC-PORTA-TARJETAS-GREY,PORTA TARJETAS DE ALUMINIO GRIS,https://ekiipa.com/wp-content/uploads/2025/01/PORTA-TARJETAS-DE-ALUMINIO-6-600x600.jpg,,SEGURIDAD,SEGURIDAD,SEGURIDAD,SEGURIDAD,"Material: Aluminio
Medidas: 6.8×9.7cms
Billetera pop up
Con protección RFD",65,1
SEC-COLGA-PASSPORT-GREY,BOLSA PARA PASAPORTE CON CORREA GRIS,https://ekiipa.com/wp-content/uploads/2024/04/GRIS-1-600x600.webp,,SEGURIDAD,SEGURIDAD,SEGURIDAD,SEGURIDAD,"Organizador de documentos y pasaporte
Protección RFID para tarjetas de crédito
Impermeable
Medidas: 19 x 14 cm
Color gris",75,1
SEC-COLGA-PASSPORT-BLK,BOLSA PARA PASAPORTE CON CORREA NEGRA,https://ekiipa.com/wp-content/uploads/2024/04/NEGRA-1-600x600.webp,,SEGURIDAD,SEGURIDAD,SEGURIDAD,SEGURIDAD,"Organizador de documentos y pasaporte
Protección RFID para tarjetas de crédito
Impermeable
Medidas: 19 x 14 cm
Color negro",75,1
SEC-PORTA-DOCS-GREY-L,PORTA DOCUMENTOS GRANDE,https://ekiipa.com/wp-content/uploads/2024/04/LARGE-2-600x600.webp,,SEGURIDAD,SEGURIDAD,SEGURIDAD,SEGURIDAD,"Organizador de documentos
Porta pasaportes
Tarjetero
Impermeable
Medidas: 25.5 x 18.5 x 2 cm.
Color gris",79,1
SEC-BOX-BLACK-L,ESTUCHE RIGIDO GRANDE NEGRO,https://ekiipa.com/wp-content/uploads/2024/12/ESTUCHE-RIGIDO-CON-INTERIOR-ACOLCHADO-4-600x600.jpg,,SEGURIDAD,SEGURIDAD,SEGURIDAD,SEGURIDAD,"Color: Negro
Medidas:21x12x6cms
Interior acolchado
Multiusos
Ideal para transportar relojes, electrónicos, documentos, etc.",45,1
SEC-BOX-NARANJA-M,ESTUCHE RIGIDO MEDIANO NARANJA,https://ekiipa.com/wp-content/uploads/2024/12/ESTUCHE-RIGIDO-CON-INTERIOR-ACOLCHADO-600x600.jpg,,SEGURIDAD,SEGURIDAD,SEGURIDAD,SEGURIDAD,"Color: Naranja
Medidas:17x11x4.5cms
Interior acolchado
Multiusos
Ideal para transportar relojes, electrónicos, documentos, etc.",30,1
SEC-PORTA-DOCS-RFID-BLK,PORTA DOCUMENTOS CON RFID NEGRO,https://ekiipa.com/wp-content/uploads/2024/10/PORTA-DOCUMENTOS-CON-RFID-600x600.webp,,SEGURIDAD,SEGURIDAD,SEGURIDAD,SEGURIDAD,"Con zipper
Color Negro
Protección RFID
Impermeable
Medidas: 22 x 12 x 2.5 cm
Material Oxford",99,1
SEC-CABLE-CAND-TSA-BLK,CANDADO CON CABLE DE 3 DIGITOS TSA,https://ekiipa.com/wp-content/uploads/2024/04/CA3.webp,,SEGURIDAD,SEGURIDAD,SEGURIDAD,SEGURIDAD,"Candado con cable de 3 dígitos
Aprobado por TSA
Color negro
Medidas: 10 x 3.3 x 1.4 cm.",49,1
SEC-SPORTPOCKET-BLACK,CINCHO SPORT POCKET BLACK,https://ekiipa.com/wp-content/uploads/2025/01/CINCHO-SPORT-1-600x600.jpg,,SEGURIDAD,SEGURIDAD,SEGURIDAD,SEGURIDAD,"Color: Negro
Material: Neopreno
Con diseño reflectivo
Ideal para correr, viajar
Se puede guardar celular, llaves, billetera, etc..",49,1
SEC-CINCHO-BEIGE,CINCHO CON BOLSILLO OCULTO BEIGE,https://ekiipa.com/wp-content/uploads/2024/04/Diseno-sin-titulo-75-2-600x600.webp,,SEGURIDAD,SEGURIDAD,SEGURIDAD,SEGURIDAD,"Color beige
Con bolsillo oculto
Con zipper
Unisex
Medidas:107x3cm",49,1
SLEEP-MEMORY-NECK-GREY,CUELLO MEMORY FOAM,https://ekiipa.com/wp-content/uploads/2024/11/CUELLERA-GRIS-CON-MEMORY-FOAM-600x600.webp,,DESCANSO,DESCANSO,DESCANSO,DESCANSO,"Color: Gris con negro
Material: Esponja de memoria",79,1
SLEEP-CUELLO-U-GREY,CUELLO DE ESPONJA DE MEMORIA,https://ekiipa.com/wp-content/uploads/2024/04/Diseno-sin-titulo-2024-05-07T202319.146-600x600.webp,,DESCANSO,DESCANSO,DESCANSO,DESCANSO,"Cuello tipo U
Esponja de memoria",79,1
SLEEP-3D-EYE-MASK-BLK,ANTIFAZ PARA DORMIR,https://ekiipa.com/wp-content/uploads/2024/11/ANTIFAZ-3D-600x600.jpg,,DESCANSO,DESCANSO,DESCANSO,DESCANSO,"Antifaz de dormir
Color: Negro
Material: Esponja de memoria",49,1
SLEEP-FRAZADA-TERMIK,FRAZADA TERMICA,https://ekiipa.com/wp-content/uploads/2024/12/FRAZADA-TERMICA-600x600.png,,DESCANSO,DESCANSO,DESCANSO,DESCANSO,"Medidas:130x210cm
Material: Aluminizado
Ideal para camping",21,1
LUG-ACC-SPNDX-RED-26-28,SPANDEX ROJO L 26-28,https://ekiipa.com/wp-content/uploads/2024/11/SPANDEX-COBERTOR-DE-MALETA-M-1-600x600.jpg,,ACCESORIOS_DE_MALETAS,ACCESORIOS DE MALETAS,ACCESORIOS_DE_MALETAS,ACCESORIOS DE MALETAS,"Spandex
Color: Rojo
Para maleta grande de 26-28  pulgadas",89,1
LUG-ACC-SPNDX-RED-22-24,SPANDEX ROJO M 22-24,https://ekiipa.com/wp-content/uploads/2024/11/SPANDEX-COBERTOR-DE-MALETA-M-1-600x600.jpg,,ACCESORIOS_DE_MALETAS,ACCESORIOS DE MALETAS,ACCESORIOS_DE_MALETAS,ACCESORIOS DE MALETAS,"Spandex
Color: Rojo
Para maleta mediana de 22-24  pulgadas",79,1
LUG-ACC-SNPDX-GRN-22-24,SPANDEX VERDE M 22-24,https://ekiipa.com/wp-content/uploads/2024/11/SPANDEX-COBERTOR-DE-MALETA-M-600x600.jpg,,ACCESORIOS_DE_MALETAS,ACCESORIOS DE MALETAS,ACCESORIOS_DE_MALETAS,ACCESORIOS DE MALETAS,"Spandex
Color: Verde
Para maleta mediana de 22-24 pulgadas",79,0
LUG-ACC-SNPDX-GRN-26-28,SPANDEX VERDE L 26-28,https://ekiipa.com/wp-content/uploads/2024/11/SPANDEX-COBERTOR-DE-MALETA-M-600x600.jpg,,ACCESORIOS_DE_MALETAS,ACCESORIOS DE MALETAS,ACCESORIOS_DE_MALETAS,ACCESORIOS DE MALETAS,"Spandex
Color: Verde
Para maleta grande de 26-28  pulgadas",89,0
LUG-ACC-SPNDX-BLK-18-20,SPANDEX NEGRO S 18-20,https://ekiipa.com/wp-content/uploads/2024/04/30-cm-5-600x600.jpg,,ACCESORIOS_DE_MALETAS,ACCESORIOS DE MALETAS,ACCESORIOS_DE_MALETAS,ACCESORIOS DE MALETAS,"Spandex
Color negro
Para maleta carry on de 18-20 pulgadas",69,1
LUG-ACC-SPNDX-BLK-29-32,SPANDEX NEGRO XL 29-32,https://ekiipa.com/wp-content/uploads/2024/04/30-cm-5-600x600.jpg,,ACCESORIOS_DE_MALETAS,ACCESORIOS DE MALETAS,ACCESORIOS_DE_MALETAS,ACCESORIOS DE MALETAS,"Spandex
Color negro
Para maleta extra grande de 29-32 pulgadas",99,1
LUG-ACC-SPNDX-BLU-18-20,SPANDEX AZUL S 18-20,https://ekiipa.com/wp-content/uploads/2024/04/spandex-blue.avif,,ACCESORIOS_DE_MALETAS,ACCESORIOS DE MALETAS,ACCESORIOS_DE_MALETAS,ACCESORIOS DE MALETAS,"Spandex
Color azul
Para maleta carry on 18-20 pulgadas",69,1
LUG-ACC-SPNDX-BLU-22-24,SPANDEX AZUL M 22-24,https://ekiipa.com/wp-content/uploads/2024/04/spandex-blue.avif,,ACCESORIOS_DE_MALETAS,ACCESORIOS DE MALETAS,ACCESORIOS_DE_MALETAS,ACCESORIOS DE MALETAS,"Spandex
Color azul
Para maleta mediana de 22-24 pulgadas",79,1
LUG-ACC-SPNDX-BLK-22-24,SPANDEX NEGRO M 22-24 (AGOTADO),https://ekiipa.com/wp-content/uploads/2024/04/30-cm-5-600x600.jpg,,ACCESORIOS_DE_MALETAS,ACCESORIOS DE MALETAS,ACCESORIOS_DE_MALETAS,ACCESORIOS DE MALETAS,"Spandex
Color negro
Para maleta mediana de 22-24 pulgadas",79,1
LUG-ACC-SPNDX-BLK-26-28,SPANDEX NEGRO L 26-28 (AGOTADO),https://ekiipa.com/wp-content/uploads/2024/04/30-cm-5-600x600.jpg,,ACCESORIOS_DE_MALETAS,ACCESORIOS DE MALETAS,ACCESORIOS_DE_MALETAS,ACCESORIOS DE MALETAS,"Spandex
Color negro
Para maleta grande de 26-28  pulgadas",89,1
LUG-ACC-SPNDX-BLU-29-32,SPANDEX AZUL XL 29-32,https://ekiipa.com/wp-content/uploads/2024/04/spandex-blue.avif,,ACCESORIOS_DE_MALETAS,ACCESORIOS DE MALETAS,ACCESORIOS_DE_MALETAS,ACCESORIOS DE MALETAS,"Spandex
Color azul
Para maleta extra grande de 29-32 pulgadas",99,1
LUG-ACC-SPNDX-BLU-26-28,SPANDEX AZUL L 26-28 (AGOTADO),https://ekiipa.com/wp-content/uploads/2024/04/spandex-blue.avif,,ACCESORIOS_DE_MALETAS,ACCESORIOS DE MALETAS,ACCESORIOS_DE_MALETAS,ACCESORIOS DE MALETAS,"Spandex
Color azul
Para maleta grande de 26-28  pulgadas",89,1
LUG-ACC-WHEEL-BLACK,FUNDAS DE SILICONA PARA RUEDAS DE MALETA BLACK,https://ekiipa.com/wp-content/uploads/2025/06/PROTECTOR-DE-RUEDAS-BLACK-600x600.jpg,,ACCESORIOS_DE_MALETAS,ACCESORIOS DE MALETAS,ACCESORIOS_DE_MALETAS,ACCESORIOS DE MALETAS,"Color: Negro
Cantidad: 8 piezas
Material: Silicón",29,1
LUG-ACC-WHEEL-BLUE,FUNDAS DE SILICONA PARA RUEDAS DE MALETA BLUE CELESTE,https://ekiipa.com/wp-content/uploads/2025/06/PROTECTOR-DE-RUEDAS-LIGHT-BLUE-600x600.jpg,,ACCESORIOS_DE_MALETAS,ACCESORIOS DE MALETAS,ACCESORIOS_DE_MALETAS,ACCESORIOS DE MALETAS,"Color: Celeste
Cantidad: 8 piezas
Material: Silicón",29,1
LUG-ACC-WHEEL-MORADO,FUNDAS DE SILICONA PARA RUEDAS DE MALETA MORADO,https://ekiipa.com/wp-content/uploads/2025/06/PROTECTOR-DE-RUEDAS-PURPLE-600x600.jpg,,ACCESORIOS_DE_MALETAS,ACCESORIOS DE MALETAS,ACCESORIOS_DE_MALETAS,ACCESORIOS DE MALETAS,"Color: Morado
Cantidad: 8 piezas
Material: Silicón",29,1
LUG-ACC-WHEEL-RED,FUNDAS DE SILICONA PARA RUEDAS DE MALETA ROJO,https://ekiipa.com/wp-content/uploads/2025/06/PROTECTOR-DE-RUEDAS-RED-600x600.jpg,,ACCESORIOS_DE_MALETAS,ACCESORIOS DE MALETAS,ACCESORIOS_DE_MALETAS,ACCESORIOS DE MALETAS,"Color: Rojo
Cantidad: 8 piezas
Material: Silicón",29,1
AQUA-BOX-01-LIMON,ESTUCHE AQUA BOX 01 LIMON,https://ekiipa.com/wp-content/uploads/2024/09/AQUA-BOX-VIAJE-1-600x600.webp,https://ekiipa.com/wp-content/uploads/2024/09/AQUA-BOX-VIAJE-1-600x600.webp | https://ekiipa.com/wp-content/uploads/2024/09/AQUA-BOX-VIAJE-4-600x600.webp,AQUA,AQUA,AQUA,AQUA,"Multifuncional
Material: PVC
Color: Verde
Medidas: 23 x 11.5 x 11.5 cm",45,1
AQUA-BOX-01-BANANA,ESTUCHE AQUA BOX 01 BANANA,https://ekiipa.com/wp-content/uploads/2024/09/AQUA-BOX-VIAJE-2-600x600.webp,https://ekiipa.com/wp-content/uploads/2024/09/AQUA-BOX-VIAJE-2-600x600.webp | https://ekiipa.com/wp-content/uploads/2024/09/AQUA-BOX-VIAJE-3-600x600.webp | https://ekiipa.com/wp-content/uploads/2024/09/AQUA-BOX-VIAJE-5-jpg.webp | https://ekiipa.com/wp-content/uploads/2024/09/AQUA-BOX-VIAJE-5-jpg.webp,AQUA,AQUA,AQUA,AQUA,"Multifuncional
Material: PVC
Color: Amarillo
Medidas: 23 x 11.5 x 11.5 cm
Impermeable",45,1
AQUA-BOX-01-SKY,ESTUCHE AQUA BOX 01 SKY,https://ekiipa.com/wp-content/uploads/2024/09/AQUA-BOX-VIAJE-600x600.webp,https://ekiipa.com/wp-content/uploads/2024/09/AQUA-BOX-VIAJE-600x600.webp | https://ekiipa.com/wp-content/uploads/2024/09/AQUA-BOX-VIAJE-5-jpg.webp,AQUA,AQUA,AQUA,AQUA,"Multifuncional
Material: PVC
Color: Aqua
Medidas: 23 x 11.5 x 11.5 cm
Impermeable",45,1
AQUA-TRIAN-02-LIMON,ESTUCHE AQUA TRIANGULAR 02 LIMON,https://ekiipa.com/wp-content/uploads/2024/09/AQUA-TRIANGULAR-02-600x600.webp,https://ekiipa.com/wp-content/uploads/2024/09/AQUA-TRIANGULAR-02-600x600.webp | https://ekiipa.com/wp-content/uploads/2024/09/AQUA-TRIANGULAR-02-4-jpg.webp,AQUA,AQUA,AQUA,AQUA,"Multifuncional
Material: PVC
Color: Verde
Medidas: 24 x 7 x 25 cm
Impermeable",45,1
AQUA-TRIAN-02-BANANA,ESTUCHE AQUA TRIANGULAR 02 BANANA,https://ekiipa.com/wp-content/uploads/2024/09/AQUA-TRIANGULAR-02-2-600x600.webp,https://ekiipa.com/wp-content/uploads/2024/09/AQUA-TRIANGULAR-02-2-600x600.webp | https://ekiipa.com/wp-content/uploads/2024/09/AQUA-TRIANGULAR-02-5-600x600.webp | https://ekiipa.com/wp-content/uploads/2024/09/AQUA-TRIANGULAR-02-4-100x100.webp,AQUA,AQUA,AQUA,AQUA,"Multifuncional
Material: PVC
Color: Amarillo
Medidas: 24 x 7 x 25 cm
Impermeable",45,1
AQUA-TRIAN-02-SKY,ESTUCHE AQUA TRIANGULAR 02 SKY,https://ekiipa.com/wp-content/uploads/2024/09/AQUA-TRIANGULAR-02-1-600x600.webp,https://ekiipa.com/wp-content/uploads/2024/09/AQUA-TRIANGULAR-02-1-600x600.webp | https://ekiipa.com/wp-content/uploads/2024/09/AQUA-TRIANGULAR-02-4-jpg.webp,AQUA,AQUA,AQUA,AQUA,"Multifuncional
Material: PVC
Color: Aqua
Medidas: 24 x 7 x 25 cm
Impermeable",45,1
AQUA-TRIAN-03-LIMON,ESTUCHE AQUA TRIANGULAR 03 LIMON,https://ekiipa.com/wp-content/uploads/2024/09/ESTUCHE-AQUA-TRIANGULAR-2-600x600.webp,https://ekiipa.com/wp-content/uploads/2024/09/ESTUCHE-AQUA-TRIANGULAR-2-600x600.webp | https://ekiipa.com/wp-content/uploads/2024/09/ESTUCHE-AQUA-TRIANGULAR-jpg.webp,AQUA,AQUA,AQUA,AQUA,"Multifuncional
Material: PVC
Color: Verde
Medidas: 23.5 x 7.5 x 15 cm
Impermeable",35,1
AQUA-TRIAN-03-BANANA,ESTUCHE AQUA TRIANGULAR 03 BANANA,https://ekiipa.com/wp-content/uploads/2024/09/ESTUCHE-AQUA-TRIANGULAR-3-600x600.webp,https://ekiipa.com/wp-content/uploads/2024/09/ESTUCHE-AQUA-TRIANGULAR-3-600x600.webp | https://ekiipa.com/wp-content/uploads/2024/09/ESTUCHE-AQUA-TRIANGULAR-jpg.webp,AQUA,AQUA,AQUA,AQUA,"Multifuncional
Material: PVC
Color: Amarillo
Medidas: 23.5 x 7.5 x 15 cm
Impermeable",35,1
AQUA-TRIAN-03-SKY,ESTUCHE AQUA TRIANGULAR 03 SKY,https://ekiipa.com/wp-content/uploads/2024/09/ESTUCHE-AQUA-TRIANGULAR-1-600x600.webp,https://ekiipa.com/wp-content/uploads/2024/09/ESTUCHE-AQUA-TRIANGULAR-1-600x600.webp | https://ekiipa.com/wp-content/uploads/2024/09/ESTUCHE-AQUA-TRIANGULAR-jpg.webp,AQUA,AQUA,AQUA,AQUA,"Multifuncional
Material: PVC
Color: Aqua
Medidas: 23.5 x 7.5 x 15 cm
Impermeable",35,1
AQUA-CANGURERA-TRANS,CANGURERA A PRUEBA DE AGUA,https://ekiipa.com/wp-content/uploads/2024/11/CANGURERA-A-600x600.webp,https://ekiipa.com/wp-content/uploads/2024/11/CANGURERA-A-600x600.webp | https://ekiipa.com/wp-content/uploads/2024/11/CANGURERA-A-PRUEBA-600x600.webp | https://ekiipa.com/wp-content/uploads/2024/11/CANGURERA-A-PRUEBA-DE-AGUA-2.webp,AQUA,AQUA,AQUA,AQUA,"Medidas: 22×17 cms
Material: Poliuretano termoplástico
Color: Transparente
A prueba de agua
Compatible con pantalla táctil",35,1
3ACC-PROTEC-CELULAR,ESTUCHE PROTECTOR DE CELULAR,https://ekiipa.com/wp-content/uploads/2024/04/H3b42d9f91f764afd8ee18a1c8bef2ee7m-600x600.webp,https://ekiipa.com/wp-content/uploads/2024/04/H3b42d9f91f764afd8ee18a1c8bef2ee7m-600x600.webp | https://ekiipa.com/wp-content/uploads/2024/04/Diseno-sin-titulo-51-600x600.jpg,AQUA,AQUA,AQUA,AQUA,"Impermeable
Con correa
Tacto amigable fuera del agua
Medidas: 11.5 x 19.5 cm.",25,1
LUG-ACC-TAG-CARTOON-DONA,TAG CARTOON DONA,https://ekiipa.com/wp-content/uploads/2024/11/TAG-CARTOON-DONA.webp,https://ekiipa.com/wp-content/uploads/2024/11/TAG-CARTOON-DONA.webp | https://ekiipa.com/wp-content/uploads/2024/11/TAG-CARTOON-DONA-1-600x600.webp | https://ekiipa.com/wp-content/uploads/2024/11/TAG-CARTOON-DONA-2-600x600.webp | https://ekiipa.com/wp-content/uploads/2024/11/TAG-CARTOON-1.webp,ACCESORIOS_DE_MALETAS,ACCESORIOS DE MALETAS,TAGS,TAGS,Material: PVC,15,1
LUG-ACC-TAG-CARTOON-HELADOS,TAG CARTOON HELADOS,https://ekiipa.com/wp-content/uploads/2024/11/TAG-CARTOON-HELADOS-600x600.webp,https://ekiipa.com/wp-content/uploads/2024/11/TAG-CARTOON-HELADOS-600x600.webp | https://ekiipa.com/wp-content/uploads/2024/11/TAG-CARTOON-HELADOS-2-600x600.webp | https://ekiipa.com/wp-content/uploads/2024/11/TAG-CARTOON-HELADOS-1-600x600.webp | https://ekiipa.com/wp-content/uploads/2024/11/TAG-CARTOON-1.webp,ACCESORIOS_DE_MALETAS,ACCESORIOS DE MALETAS,TAGS,TAGS,Material: PVC,15,1
LUG-ACC-TAG-CARTOON-HOJA,TAG CARTOON HOJA,https://ekiipa.com/wp-content/uploads/2024/11/TAG-CARTOON-HOJA-600x600.webp,https://ekiipa.com/wp-content/uploads/2024/11/TAG-CARTOON-HOJA-600x600.webp | https://ekiipa.com/wp-content/uploads/2024/11/TAG-CARTOON-HOJA-1-600x600.webp | https://ekiipa.com/wp-content/uploads/2024/11/TAG-CARTOON-HOJA-2-600x600.webp | https://ekiipa.com/wp-content/uploads/2024/11/TAG-CARTOON-1.webp,ACCESORIOS_DE_MALETAS,ACCESORIOS DE MALETAS,TAGS,TAGS,Material: PVC,15,1
LUG-ACC-TAG-CARTOON-PAPAS FRITAS,TAG CARTOON PAPAS FRITAS,https://ekiipa.com/wp-content/uploads/2024/11/TAG-CARTOON-PAPAS-FRITAS-600x600.webp,https://ekiipa.com/wp-content/uploads/2024/11/TAG-CARTOON-PAPAS-FRITAS-600x600.webp | https://ekiipa.com/wp-content/uploads/2024/11/TAG-CARTOON-PAPAS-FRITAS-1-600x600.webp | https://ekiipa.com/wp-content/uploads/2024/11/TAG-CARTOON-PAPAS-FRITAS-2-600x600.webp | https://ekiipa.com/wp-content/uploads/2024/11/TAG-CARTOON-1.webp,ACCESORIOS_DE_MALETAS,ACCESORIOS DE MALETAS,TAGS,TAGS,Material: PVC,15,1
LUG-ACC-TAG-CARTOON-TIBURON,TAG CARTOON TIBURON,https://ekiipa.com/wp-content/uploads/2024/11/TAG-CARTOON-TIBURON-600x600.webp,https://ekiipa.com/wp-content/uploads/2024/11/TAG-CARTOON-TIBURON-600x600.webp | https://ekiipa.com/wp-content/uploads/2024/11/TAG-CARTOON-TIBURON-1.webp | https://ekiipa.com/wp-content/uploads/2024/11/TAG-CARTOON-600x600.webp | https://ekiipa.com/wp-content/uploads/2024/11/TAG-CARTOON-1.webp,ACCESORIOS_DE_MALETAS,ACCESORIOS DE MALETAS,TAGS,TAGS,Material: PVC,15,1
LUG-ACC-JALADOR-BLUE,AGARRADOR DE VELCRO AZUL,https://ekiipa.com/wp-content/uploads/2024/11/AGARRADOR-DE-VELCRO-PARA-JALADOR-14-600x600.webp,https://ekiipa.com/wp-content/uploads/2024/11/AGARRADOR-DE-VELCRO-PARA-JALADOR-14-600x600.webp | https://ekiipa.com/wp-content/uploads/2024/11/AGARRADOR-DE-VELCRO-PARA-JALADOR-6-600x600.webp | https://ekiipa.com/wp-content/uploads/2024/11/AGARRADOR-DE-VELCRO-PARA-JALADOR-12.webp | https://ekiipa.com/wp-content/uploads/2024/11/AGARRADOR-DE-VELCRO-PARA-JALADOR-7.webp,ACCESORIOS_DE_MALETAS,ACCESORIOS DE MALETAS,ACCESORIOS_DE_MALETAS,ACCESORIOS DE MALETAS,"Color: Azul
Material: Neopreno
Medidas:15.5×14.5cms
Multifuncional",20,1
LUG-ACC-JALADOR-PINK,AGARRADOR DE VELCRO FUCSIA,https://ekiipa.com/wp-content/uploads/2024/11/AGARRADOR-DE-VELCRO-PARA-JALADOR-3-600x600.webp,https://ekiipa.com/wp-content/uploads/2024/11/AGARRADOR-DE-VELCRO-PARA-JALADOR-3-600x600.webp | https://ekiipa.com/wp-content/uploads/2024/11/AGARRADOR-DE-VELCRO-PARA-JALADOR-6-600x600.webp | https://ekiipa.com/wp-content/uploads/2024/11/AGARRADOR-DE-VELCRO-PARA-JALADOR-8-600x600.webp,ACCESORIOS_DE_MALETAS,ACCESORIOS DE MALETAS,ACCESORIOS_DE_MALETAS,ACCESORIOS DE MALETAS,"Color: Fucsia
Material: Neopreno
Medidas:15.5×14.5cms
Multifuncional",20,1
LUG-ACC-JALADOR-RED,AGARRADOR DE VELCRO ROJO,https://ekiipa.com/wp-content/uploads/2024/11/AGARRADOR-DE-VELCRO-PARA-JALADOR-10-600x600.webp,https://ekiipa.com/wp-content/uploads/2024/11/AGARRADOR-DE-VELCRO-PARA-JALADOR-10-600x600.webp | https://ekiipa.com/wp-content/uploads/2024/11/AGARRADOR-DE-VELCRO-PARA-JALADOR-6-600x600.webp | https://ekiipa.com/wp-content/uploads/2024/11/AGARRADOR-DE-VELCRO-PARA-JALADOR-8-600x600.webp,ACCESORIOS_DE_MALETAS,ACCESORIOS DE MALETAS,ACCESORIOS_DE_MALETAS,ACCESORIOS DE MALETAS,"Color: Rojo
Material: Neopreno
Medidas:15.5×14.5cms
Multifuncional",20,1
LUG-ACC-JALADOR-GRN,AGARRADOR DE VELCRO VERDE,https://ekiipa.com/wp-content/uploads/2024/11/AGARRADOR-DE-VELCRO-PARA-JALADOR-2-600x600.webp,https://ekiipa.com/wp-content/uploads/2024/11/AGARRADOR-DE-VELCRO-PARA-JALADOR-2-600x600.webp | https://ekiipa.com/wp-content/uploads/2024/11/AGARRADOR-DE-VELCRO-PARA-JALADOR-6-600x600.webp | https://ekiipa.com/wp-content/uploads/2024/11/AGARRADOR-DE-VELCRO-PARA-JALADOR-12.webp,ACCESORIOS_DE_MALETAS,ACCESORIOS DE MALETAS,ACCESORIOS_DE_MALETAS,ACCESORIOS DE MALETAS,"Color: Verde
Material: Neopreno
Medidas:15.5×14.5cms
Multifuncional",20,1
LUG-ACC-STRAP-YELLOW,CORREA PARA MALETA AMARILLO,https://ekiipa.com/wp-content/uploads/2024/10/CORREA-PARA-MALETA-5-600x600.webp,https://ekiipa.com/wp-content/uploads/2024/10/CORREA-PARA-MALETA-5-600x600.webp | https://ekiipa.com/wp-content/uploads/2024/04/H5496cfa5ea894b2481c89e79121ad8c8M-100x100.webp | https://ekiipa.com/wp-content/uploads/2024/04/Captura9.jpg,ACCESORIOS_DE_MALETAS,ACCESORIOS DE MALETAS,ACCESORIOS_DE_MALETAS,ACCESORIOS DE MALETAS,"Ayuda a identificar maleta
Ajustable
Cierre seguro
Color amarillo
Medidas: 200 x 5 cm.",29,1
LUG-ACC-STRAP-BLUE,CORREA PARA MALETA AZUL,https://ekiipa.com/wp-content/uploads/2024/04/Hf12b4ca2cb9d4ae48c7c07fd09f9fd6de-600x600.webp,https://ekiipa.com/wp-content/uploads/2024/04/Hf12b4ca2cb9d4ae48c7c07fd09f9fd6de-600x600.webp | https://ekiipa.com/wp-content/uploads/2024/04/H5496cfa5ea894b2481c89e79121ad8c8M-100x100.webp | https://ekiipa.com/wp-content/uploads/2024/04/Captura9.jpg,ACCESORIOS_DE_MALETAS,ACCESORIOS DE MALETAS,ACCESORIOS_DE_MALETAS,ACCESORIOS DE MALETAS,"Ayuda a identificar maleta
Ajustable
Cierre seguro
Color azul
Medidas: 200 x 5 cm.",29,1
LUG-ACC-STRAP-BLACK,CORREA PARA MALETA NEGRO,https://ekiipa.com/wp-content/uploads/2024/04/He99fc71e901d4c5dba34c8b2215dbb6cv-600x600.webp,https://ekiipa.com/wp-content/uploads/2024/04/He99fc71e901d4c5dba34c8b2215dbb6cv-600x600.webp | https://ekiipa.com/wp-content/uploads/2024/04/H5496cfa5ea894b2481c89e79121ad8c8M.webp | https://ekiipa.com/wp-content/uploads/2024/04/Captura9.jpg,ACCESORIOS_DE_MALETAS,ACCESORIOS DE MALETAS,ACCESORIOS_DE_MALETAS,ACCESORIOS DE MALETAS,"Ayuda a identificar maleta
Ajustable
Cierre seguro
Color negro
Medidas: 200 x 5 cm.",29,1
SLEEP-REFIL-PILLOW-BLUE,CUELLO RELLENABLE AZUL,https://ekiipa.com/wp-content/uploads/2024/11/CUELLERA-RELLENABLE-AZUL-6-600x600.jpg,https://ekiipa.com/wp-content/uploads/2024/11/CUELLERA-RELLENABLE-AZUL-6-600x600.jpg | https://ekiipa.com/wp-content/uploads/2024/11/CUELLERA-RELLENABLE-AZUL-5-600x600.jpg | https://ekiipa.com/wp-content/uploads/2024/11/CUELLERA-RELLENABLE-AZUL-100x100.jpg | https://ekiipa.com/wp-content/uploads/2024/11/CUELLERA-RELLENABLE-AZUL-3.jpg | https://ekiipa.com/wp-content/uploads/2024/11/CUELLERA-RELLENABLE-AZUL-2.jpg | https://ekiipa.com/wp-content/uploads/2024/11/CUELLERA-RELLENABLE-AZUL-1.jpg,DESCANSO,DESCANSO,DESCANSO,DESCANSO,"Color: Azul
Material: Terciopelo
Cuello para rellenar con ropa",99,1
MEDI--TAPONES-OIDOS-BLUE,TAPONES PARA OIDOS,https://ekiipa.com/wp-content/uploads/2024/04/Diseno-sin-titulo-68-600x600.webp,https://ekiipa.com/wp-content/uploads/2024/04/Diseno-sin-titulo-68-600x600.webp | https://ekiipa.com/wp-content/uploads/2024/04/Diseno-sin-titulo-66-600x600.webp,DESCANSO,DESCANSO,DESCANSO,DESCANSO,"5 pares de tapones para oídos, con estuche",29,1
SLEEP-INFLABLE-GREY,CUELLO INFLABLE TIPO H,https://ekiipa.com/wp-content/uploads/2024/04/Diseno-sin-titulo-82-600x600.webp,https://ekiipa.com/wp-content/uploads/2024/04/Diseno-sin-titulo-82-600x600.webp | https://ekiipa.com/wp-content/uploads/2024/04/Diseno-sin-titulo-83-1-600x600.webp | https://ekiipa.com/wp-content/uploads/2024/04/Diseno-sin-titulo-86.webp,DESCANSO,DESCANSO,DESCANSO,DESCANSO,"Con bolsa para guardar
Inflable
Color Gris",129,1
SLEEP-COLCHA/ALMOH-GREY,COLCHA / ALMOHADA DE FELPA,https://ekiipa.com/wp-content/uploads/2024/04/COLCHA.avif,https://ekiipa.com/wp-content/uploads/2024/04/COLCHA.avif | https://ekiipa.com/wp-content/uploads/2024/04/H90f13bb4629d48ca970d2a0ec83bfb98U-600x600.webp | https://ekiipa.com/wp-content/uploads/2024/04/H070cee798c184be89d9dd09838259e86H-600x597.webp | https://ekiipa.com/wp-content/uploads/2024/04/Diseno-sin-titulo-2024-04-15T191145.446.webp | https://ekiipa.com/wp-content/uploads/2024/04/Diseno-sin-titulo-2024-04-15T192540.418.webp,DESCANSO,DESCANSO,DESCANSO,DESCANSO,"Suave manta con bolsillo tipo almohada 2 en 1
Plegable
100% poliéster
Color gris",99,1
PARIS-BOLSA-RED-BEIGE,BOLSA REDONDA PARIS BEIGE,https://ekiipa.com/wp-content/uploads/2024/09/PARIS-BOLSA-REDONDA-VIAJE-1-600x600.webp,https://ekiipa.com/wp-content/uploads/2024/09/PARIS-BOLSA-REDONDA-VIAJE-1-600x600.webp | https://ekiipa.com/wp-content/uploads/2024/09/PARIS-BOLSA-REDONDA-VIAJE-3-600x600.webp | https://ekiipa.com/wp-content/uploads/2024/09/PARIS-BOLSA-VIAJE-REDONDA-600x600.webp | https://ekiipa.com/wp-content/uploads/2024/09/PARIS-BOLSA-REDONDA-VIAJE-4-jpg.webp,COSMETIQUERAS,COSMETIQUERAS,COSMETIQUERAS,COSMETIQUERAS,"Organización de cosméticos
Multifuncional
Material: Cuero PU (poliuretano)
Medidas: 14 x 7 x 11.5 cm
Color: Beige",34,1
PARIS-BOLSA-RED-CAFÉ,BOLSA REDONDA PARIS CAFÉ,https://ekiipa.com/wp-content/uploads/2024/09/PARIS-BOLSA-REDONDA-VIAJE-2-600x600.webp,https://ekiipa.com/wp-content/uploads/2024/09/PARIS-BOLSA-REDONDA-VIAJE-2-600x600.webp | https://ekiipa.com/wp-content/uploads/2024/09/PARIS-BOLSA-REDONDA-VIAJE-3-600x600.webp | https://ekiipa.com/wp-content/uploads/2024/09/PARIS-BOLSA-VIAJE-REDONDA-600x600.webp | https://ekiipa.com/wp-content/uploads/2024/09/PARIS-BOLSA-REDONDA-VIAJE-4-jpg.webp,COSMETIQUERAS,COSMETIQUERAS,COSMETIQUERAS,COSMETIQUERAS,"Organización de cosméticos
Multifuncional
Material: Cuero PU (poliuretano)
Medidas: 14 x 7 x 11.5 cm
Color: Café",34,1
PARIS-BOLSA-CUAD-AZUL,BOLSA CUADRADA PARIS AZUL,https://ekiipa.com/wp-content/uploads/2024/09/PARIS-BOLSA-CUADRADA-VIAJE-1-600x600.webp,https://ekiipa.com/wp-content/uploads/2024/09/PARIS-BOLSA-CUADRADA-VIAJE-1-600x600.webp | https://ekiipa.com/wp-content/uploads/2024/09/PARIS-BOLSA-CUADRADA-VIAJE-3-600x600.webp | https://ekiipa.com/wp-content/uploads/2024/09/PARIS-BOLSA-CUADRADA-VIAJE-5-600x600.webp | https://ekiipa.com/wp-content/uploads/2024/09/PARIS-BOLSA-CUADRADA-VIAJE.webp | https://ekiipa.com/wp-content/uploads/2024/09/PARIS-BOLSA-CUADRADA-VIAJE-4-jpg.webp,COSMETIQUERAS,COSMETIQUERAS,COSMETIQUERAS,COSMETIQUERAS,"Organización de cosméticos
Multifuncional
Material: Cuero PU (poliuretano)
Medidas: 18 x 7.5 x 12.5 cm
Color: Celeste",44,1
PARIS-BOLSA-CUAD-BEIGE,BOLSA CUADRADA PARIS BEIGE,https://ekiipa.com/wp-content/uploads/2024/09/PARIS-BOLSA-CUADRADA-VIAJE-2-600x600.webp,https://ekiipa.com/wp-content/uploads/2024/09/PARIS-BOLSA-CUADRADA-VIAJE-2-600x600.webp | https://ekiipa.com/wp-content/uploads/2024/09/PARIS-BOLSA-CUADRADA-VIAJE-3-600x600.webp | https://ekiipa.com/wp-content/uploads/2024/09/PARIS-BOLSA-CUADRADA-VIAJE-5-600x600.webp | https://ekiipa.com/wp-content/uploads/2024/09/PARIS-BOLSA-CUADRADA-VIAJE.webp | https://ekiipa.com/wp-content/uploads/2024/09/PARIS-BOLSA-CUADRADA-VIAJE-4-jpg.webp ,COSMETIQUERAS,COSMETIQUERAS,COSMETIQUERAS,COSMETIQUERAS,"Organización de cosméticos
Multifuncional
Material: Cuero PU (poliuretano)
Medidas: 18 x 7.5 x 12.5 cm
Color: Beige",44,0
PARIS-BOLSA-CUAD-CAFÉ,BOLSA CUADRADA PARIS CAFÉ,https://ekiipa.com/wp-content/uploads/2024/09/PARIS-BOLSA-CUADRADA-VIAJE-600x600.webp ,https://ekiipa.com/wp-content/uploads/2024/09/PARIS-BOLSA-CUADRADA-VIAJE-600x600.webp | https://ekiipa.com/wp-content/uploads/2024/09/PARIS-BOLSA-CUADRADA-VIAJE-3-600x600.webp | https://ekiipa.com/wp-content/uploads/2024/09/PARIS-BOLSA-CUADRADA-VIAJE-5-600x600.webp | https://ekiipa.com/wp-content/uploads/2024/09/PARIS-BOLSA-CUADRADA-VIAJE.webp | https://ekiipa.com/wp-content/uploads/2024/09/PARIS-BOLSA-CUADRADA-VIAJE-4-jpg.webp,COSMETIQUERAS,COSMETIQUERAS,COSMETIQUERAS,COSMETIQUERAS,"Organización de cosméticos
Multifuncional
Material: Cuero PU (poliuretano)
Medidas: 18 x 7.5 x 12.5 cm
Color: Café",44,0
PARIS-BOLSA-TRIAN-AZUL,BOLSA TRIANGULAR PARIS AZUL,https://ekiipa.com/wp-content/uploads/2024/09/PARIS-BOLSA-TRIANGULAR-VIAJE-1-600x600.webp,https://ekiipa.com/wp-content/uploads/2024/09/PARIS-BOLSA-TRIANGULAR-VIAJE-1-600x600.webp | https://ekiipa.com/wp-content/uploads/2024/09/PARIS-BOLSA-TRIANGULAR-VIAJE-5-600x600.webp | https://ekiipa.com/wp-content/uploads/2024/09/PARIS-BOLSA-TRIANGULAR-VIAJE-4-600x600.webp | https://ekiipa.com/wp-content/uploads/2024/09/PARIS-BOLSA-TRIANGULAR-VIAJE-3-jpg.webp,COSMETIQUERAS,COSMETIQUERAS,COSMETIQUERAS,COSMETIQUERAS,"Organización de cosméticos
Multifuncional
Material: Cuero PU (poliuretano)
Medidas: 22.5 x 8 x 16 cm
Color: Celeste",49,1
PARIS-BOLSA-TRIAN-BEIGE,BOLSA TRIANGULAR PARIS BEIGE,https://ekiipa.com/wp-content/uploads/2024/09/PARIS-BOLSA-TRIANGULAR-VIAJE-600x600.webp,https://ekiipa.com/wp-content/uploads/2024/09/PARIS-BOLSA-TRIANGULAR-VIAJE-600x600.webp | https://ekiipa.com/wp-content/uploads/2024/09/PARIS-BOLSA-TRIANGULAR-VIAJE-5-600x600.webp | https://ekiipa.com/wp-content/uploads/2024/09/PARIS-BOLSA-TRIANGULAR-VIAJE-4-600x600.webp | https://ekiipa.com/wp-content/uploads/2024/09/PARIS-BOLSA-TRIANGULAR-VIAJE-3-jpg.webp,COSMETIQUERAS,COSMETIQUERAS,COSMETIQUERAS,COSMETIQUERAS,"Organización de cosméticos
Multifuncional
Material: Cuero PU (poliuretano)
Medidas: 22.5 x 8 x 16 cm
Color: Beige",49,1
PARIS-BOLSA-TRIAN-CAFÉ,BOLSA TRIANGULAR PARIS CAFÉ,https://ekiipa.com/wp-content/uploads/2024/09/PARIS-BOLSA-TRIANGULAR-VIAJE-2-600x600.webp,https://ekiipa.com/wp-content/uploads/2024/09/PARIS-BOLSA-TRIANGULAR-VIAJE-2-600x600.webp | https://ekiipa.com/wp-content/uploads/2024/09/PARIS-BOLSA-TRIANGULAR-VIAJE-5-600x600.webp | https://ekiipa.com/wp-content/uploads/2024/09/PARIS-BOLSA-TRIANGULAR-VIAJE-4-600x600.webp | https://ekiipa.com/wp-content/uploads/2024/09/PARIS-BOLSA-TRIANGULAR-VIAJE-3-jpg.webp,COSMETIQUERAS,COSMETIQUERAS,COSMETIQUERAS,COSMETIQUERAS,"Organización de cosméticos
Multifuncional
Material: Cuero PU (poliuretano)
Medidas: 22.5 x 8 x 16 cm
Color: Café",49,1
PARIS-COSMETIQ-AZUL,NECESER COSMETIQ PARIS AZUL,https://ekiipa.com/wp-content/uploads/2024/09/Agotado-600x600.webp,https://ekiipa.com/wp-content/uploads/2024/09/Agotado-600x600.webp | https://ekiipa.com/wp-content/uploads/2024/09/COSMETIQUERA-PARIS-BEIGE-600x600.webp | https://ekiipa.com/wp-content/uploads/2024/09/COSMETIQUERA-PARIS-BEIGE-1-600x600.webp | https://ekiipa.com/wp-content/uploads/2024/09/COSMETIQUERA-PARIS-BEIGE-1.png,COSMETIQUERAS,COSMETIQUERAS,COSMETIQUERAS,COSMETIQUERAS,"Organización de cosméticos
Multifuncional
Material: Cuero PU (poliuretano)
Medidas: 21 x 13.5 x 12 cm
Color: Celeste",64,1
PARIS-COSMETIQ-BEIGE,NECESER COSMETIQ PARIS BEIGE,https://ekiipa.com/wp-content/uploads/2024/09/Agotado-19-600x600.webp,https://ekiipa.com/wp-content/uploads/2024/09/Agotado-19-600x600.webp | https://ekiipa.com/wp-content/uploads/2024/09/COSMETIQUERA-PARIS-BEIGE-600x600.webp | https://ekiipa.com/wp-content/uploads/2024/09/COSMETIQUERA-PARIS-BEIGE-1-600x600.webp | https://ekiipa.com/wp-content/uploads/2024/09/COSMETIQUERA-PARIS-BEIGE-1.png,COSMETIQUERAS,COSMETIQUERAS,COSMETIQUERAS,COSMETIQUERAS,"Organización de cosméticos
Multifuncional
Material: Cuero PU (poliuretano)
Medidas: 21 x 13.5 x 12 cm
Color: Beige",64,1
PARIS-COSMETIQ-CAFÉ,NECESER COSMETIQ PARIS CAFÉ,https://ekiipa.com/wp-content/uploads/2024/09/Agotado-18-600x600.webp,https://ekiipa.com/wp-content/uploads/2024/09/Agotado-18-600x600.webp | https://ekiipa.com/wp-content/uploads/2024/09/COSMETIQUERA-PARIS-BEIGE-600x600.webp | https://ekiipa.com/wp-content/uploads/2024/09/COSMETIQUERA-PARIS-BEIGE-1-600x600.webp | https://ekiipa.com/wp-content/uploads/2024/09/COSMETIQUERA-PARIS-BEIGE-1.png,COSMETIQUERAS,COSMETIQUERAS,COSMETIQUERAS,COSMETIQUERAS,"Organización de cosméticos
Multifuncional
Material: Cuero PU (poliuretano)
Medidas: 21 x 13.5 x 12 cm
Color: Café",64,1
PARIS-COSMDOBLE-AZUL,COSMETIQUERA DOBLE PARIS AZUL,https://ekiipa.com/wp-content/uploads/2024/09/Agotado-11-1-600x600.webp,https://ekiipa.com/wp-content/uploads/2024/09/Agotado-11-1-600x600.webp | https://ekiipa.com/wp-content/uploads/2024/09/PARIS-COSMETIQUERA-DOBLE-2-600x600.webp | https://ekiipa.com/wp-content/uploads/2024/09/PARIS-COSMETIQUERA-DOBLE-600x600.webp | https://ekiipa.com/wp-content/uploads/2024/09/Agotado-17-jpg.webp | https://ekiipa.com/wp-content/uploads/2024/09/Agotado-13-jpg.webp | https://ekiipa.com/wp-content/uploads/2024/09/PARIS-COSMETIQUERA-DOBLE-1-jpg.webp,COSMETIQUERAS,COSMETIQUERAS,COSMETIQUERAS,COSMETIQUERAS,"Organización con varios compartimientos
Multifuncional
Material: Cuero PU (poliuretano)
Medidas: 22.5 x 13 x 16 cm
Color: Celeste",89,1
PARIS-COSMDOBLE-BEIGE,COSMETIQUERA DOBLE PARIS BEIGE,https://ekiipa.com/wp-content/uploads/2024/09/Agotado-15-600x600.webp,https://ekiipa.com/wp-content/uploads/2024/09/Agotado-15-600x600.webp | https://ekiipa.com/wp-content/uploads/2024/09/PARIS-COSMETIQUERA-DOBLE-2-600x600.webp | https://ekiipa.com/wp-content/uploads/2024/09/PARIS-COSMETIQUERA-DOBLE-600x600.webp | https://ekiipa.com/wp-content/uploads/2024/09/Agotado-17-jpg.webp | https://ekiipa.com/wp-content/uploads/2024/09/Agotado-13-jpg.webp | https://ekiipa.com/wp-content/uploads/2024/09/PARIS-COSMETIQUERA-DOBLE-1-jpg.webp,COSMETIQUERAS,COSMETIQUERAS,COSMETIQUERAS,COSMETIQUERAS,"Organización con varios compartimientos
Multifuncional
Material: Cuero PU (poliuretano)
Medidas: 22.5 x 13 x 16 cm
Color: Beige",89,1
PARIS-COSMDOBLE-CAFÉ,COSMETIQUERA DOBLE PARIS CAFÉ,https://ekiipa.com/wp-content/uploads/2024/09/Agotado-14-600x600.webp,https://ekiipa.com/wp-content/uploads/2024/09/Agotado-14-600x600.webp | https://ekiipa.com/wp-content/uploads/2024/09/PARIS-COSMETIQUERA-DOBLE-2-600x600.webp | https://ekiipa.com/wp-content/uploads/2024/09/PARIS-COSMETIQUERA-DOBLE-600x600.webp | https://ekiipa.com/wp-content/uploads/2024/09/Agotado-17-jpg.webp | https://ekiipa.com/wp-content/uploads/2024/09/Agotado-13-jpg.webp | https://ekiipa.com/wp-content/uploads/2024/09/PARIS-COSMETIQUERA-DOBLE-1-jpg.webp,COSMETIQUERAS,COSMETIQUERAS,COSMETIQUERAS,COSMETIQUERAS,"Organización con varios compartimientos
Multifuncional
Material: Cuero PU (poliuretano)
Medidas: 22.5 x 13 x 16 cm
Color: Café",89,1
ROSE-COSMETIQUERA,COSMETIQUERA ROSE,https://ekiipa.com/wp-content/uploads/2024/04/rose.avif,https://ekiipa.com/wp-content/uploads/2024/04/rose.avif | https://ekiipa.com/wp-content/uploads/2024/04/H22453300ed734e3d962f2c36af9f4e0bc-600x600.webp | https://ekiipa.com/wp-content/uploads/2024/04/ROSE-L.avif,COSMETIQUERAS,COSMETIQUERAS,COSMETIQUERAS,COSMETIQUERAS,"Organización de cosméticos
Multifuncional
Cuero PU (poliuretano)
Color beige",129,1
COSM-WASHBAG-BEIGE-L,COSMETIQUERA WASHBAG BEIGE L,https://ekiipa.com/wp-content/uploads/2024/04/H57542f923a8648aba49b8b6b6466634dG-600x600.webp,https://ekiipa.com/wp-content/uploads/2024/04/H57542f923a8648aba49b8b6b6466634dG-600x600.webp | https://ekiipa.com/wp-content/uploads/2024/04/H8b7a74e8f0cc46d98fd89c9a6e6cf09d5-600x635.webp | https://ekiipa.com/wp-content/uploads/2024/04/H0fa94b8e6b8645b3b379b9452366a3354-600x600.webp | https://ekiipa.com/wp-content/uploads/2024/04/H6f400e65e00043ff8c66dc2d1f096c9fj.webp,COSMETIQUERAS,COSMETIQUERAS,COSMETIQUERAS,COSMETIQUERAS,"Plástico
Flexible
Multifuncional con división
Impermeable
Con agarrador
Color beige
Medidas: 30 x 14 x 20 cm.",79,1
COSM-WASHBAG-BEIGE-MINI,COSMETIQUERA WASHBAG BEIGE MINI,https://ekiipa.com/wp-content/uploads/2024/04/cosmetiquera-washbag-beige-mini-600x600.webp,https://ekiipa.com/wp-content/uploads/2024/04/WASHBAG-MINI.avif,COSMETIQUERAS,COSMETIQUERAS,COSMETIQUERAS,COSMETIQUERAS,"Plástico
Flexible
Multifuncional
Impermeable
Con agarrador
Color: beige
Medidas: 25 x 9 x 15 cm.",44,1
